epoch,accuracy,auc,f1_score,loss,precision,recall,val_accuracy,val_auc,val_f1_score,val_loss,val_precision,val_recall
0,0.8486796021461487,0.9571113586425781,0.801106333732605,0.4058314859867096,0.8896724581718445,0.793209433555603,0.8977367877960205,0.9791908860206604,0.8724374175071716,0.2748781740665436,0.9050255417823792,0.8906118869781494
1,0.9038703441619873,0.9801294207572937,0.874832034111023,0.26656997203826904,0.9111996293067932,0.8946486115455627,0.8994132280349731,0.9807632565498352,0.871445894241333,0.26579201221466064,0.9071550369262695,0.8927074670791626
2,0.9142098426818848,0.9847163558006287,0.8871040344238281,0.2330462485551834,0.9204931855201721,0.9075031280517578,0.903185248374939,0.9814634919166565,0.8755828738212585,0.25779983401298523,0.9088973999023438,0.8948030471801758
3,0.9221740961074829,0.9870890378952026,0.8974533081054688,0.2132938653230667,0.9281258583068848,0.9147687554359436,0.90067058801651,0.9807935357093811,0.872339129447937,0.2642096281051636,0.903976321220398,0.8956412672996521
4,0.9325135946273804,0.9900123476982117,0.9113900065422058,0.18642298877239227,0.937685489654541,0.9272041320800781,0.898155927658081,0.9797067046165466,0.8674077987670898,0.2784428298473358,0.901098906993866,0.8935456871986389
5,0.9418751001358032,0.9919354319572449,0.9236977100372314,0.16625212132930756,0.9466252326965332,0.9367053508758545,0.8998323678970337,0.9804946184158325,0.8727630972862244,0.2737289369106293,0.903553307056427,0.8952221274375916
6,0.9545899033546448,0.9950739145278931,0.9398469924926758,0.1317845582962036,0.9577761888504028,0.9508174061775208,0.8998323678970337,0.9806488156318665,0.8700876235961914,0.27711227536201477,0.9032530784606934,0.8960603475570679
7,0.9604582786560059,0.9957637190818787,0.9471086859703064,0.11909138411283493,0.9627756476402283,0.9576638340950012,0.90067058801651,0.9802504777908325,0.8728336095809937,0.27778908610343933,0.904057502746582,0.8964794874191284
