epoch,accuracy,auc,f1_score,loss,precision,recall,val_accuracy,val_auc,val_f1_score,val_loss,val_precision,val_recall
0,0.868380606174469,0.9653905034065247,0.8290612101554871,0.35719889402389526,0.8887900114059448,0.8375017642974854,0.8964794874191284,0.9791694283485413,0.8669480085372925,0.2792363166809082,0.902418315410614,0.8914501070976257
1,0.8954869508743286,0.97780442237854,0.8643665313720703,0.279971718788147,0.9056333899497986,0.8850076794624329,0.90067058801651,0.9812665581703186,0.8736628890037537,0.26036688685417175,0.9127256870269775,0.8897736668586731
2,0.9079223275184631,0.9805998206138611,0.8799301385879517,0.26093095541000366,0.9149935841560364,0.8978622555732727,0.8994132280349731,0.9805940985679626,0.8695834875106812,0.26655489206314087,0.9089748859405518,0.8956412672996521
3,0.9123934507369995,0.9840463399887085,0.8857091665267944,0.23599323630332947,0.9197723865509033,0.903451144695282,0.9015088081359863,0.9801177382469177,0.8735470771789551,0.2705558240413666,0.907771110534668,0.89103102684021
4,0.9168646335601807,0.9859225153923035,0.8906392455101013,0.2205371856689453,0.9259417057037354,0.9101578593254089,0.8977367877960205,0.9791728854179382,0.8674869537353516,0.285614937543869,0.9034042358398438,0.8897736668586731
5,0.9276233315467834,0.9887927770614624,0.9046378135681152,0.19639454782009125,0.9345913529396057,0.9203577041625977,0.903185248374939,0.9806774854660034,0.8761643171310425,0.27387258410453796,0.9080508351325989,0.898155927658081
6,0.9362861514091492,0.9909729361534119,0.9166466593742371,0.17579786479473114,0.9419263601303101,0.9291602373123169,0.9036043882369995,0.9805929660797119,0.8768548965454102,0.2763499319553375,0.9082064032554626,0.8998323678970337
