epoch,accuracy,auc,f1_score,loss,precision,recall,val_accuracy,val_auc,val_f1_score,val_loss,val_precision,val_recall
0,0.8826323747634888,0.9709066152572632,0.8467099070549011,0.32459795475006104,0.8958029747009277,0.8588794469833374,0.8977367877960205,0.9804977178573608,0.8683984279632568,0.2665422856807709,0.9034716486930847,0.8943839073181152
1,0.9075031280517578,0.9834105372428894,0.8792149424552917,0.24376797676086426,0.9131172895431519,0.9016347527503967,0.9023470282554626,0.9813568592071533,0.8771430253982544,0.2601064443588257,0.9088197946548462,0.8939647674560547
2,0.9167248606681824,0.9869939684867859,0.8905040621757507,0.21478880941867828,0.9226190447807312,0.9095990061759949,0.9019278883934021,0.9807517528533936,0.874191164970398,0.26412421464920044,0.9069668650627136,0.8948030471801758
3,0.9320944547653198,0.9904221296310425,0.9116995334625244,0.18272407352924347,0.9375529885292053,0.9272041320800781,0.8956412672996521,0.9782779812812805,0.8662906885147095,0.29595866799354553,0.8980623483657837,0.8935456871986389
4,0.9428531527519226,0.9931964874267578,0.9246947169303894,0.15243422985076904,0.9481617212295532,0.9404778480529785,0.89103102684021,0.9769580364227295,0.8567341566085815,0.3055242896080017,0.895226001739502,0.8880972266197205
5,0.9659075140953064,0.9969098567962646,0.9550974369049072,0.10304128378629684,0.9685216546058655,0.9629732966423035,0.8943839073181152,0.9781802296638489,0.8633073568344116,0.30231040716171265,0.8951578736305237,0.89103102684021
6,0.9735922813415527,0.998098611831665,0.9644684791564941,0.08206930011510849,0.9761403799057007,0.9717758893966675,0.8977367877960205,0.9760834574699402,0.8689302206039429,0.3141842186450958,0.8994531035423279,0.8960603475570679
