epoch,accuracy,auc,f1_score,loss,precision,recall,val_accuracy,val_auc,val_f1_score,val_loss,val_precision,val_recall
0,0.8696381449699402,0.9673706293106079,0.8313113451004028,0.34608766436576843,0.8913587331771851,0.8460248708724976,0.8977367877960205,0.9780817031860352,0.8657275438308716,0.28027409315109253,0.9026774168014526,0.8901928067207336
1,0.8982813954353333,0.9781702160835266,0.8680366277694702,0.27804866433143616,0.9080934524536133,0.8904569149017334,0.8989941477775574,0.9798318147659302,0.8697504997253418,0.26945173740386963,0.9047417640686035,0.8956412672996521
2,0.9048483967781067,0.9815667271614075,0.8757952451705933,0.2557968497276306,0.9119274020195007,0.8984211087226868,0.898155927658081,0.9809016585350037,0.866515040397644,0.26351797580718994,0.9061833620071411,0.8906118869781494
3,0.9100181460380554,0.9848851561546326,0.8830541372299194,0.23340320587158203,0.9177421927452087,0.9041497707366943,0.9002514481544495,0.9809436202049255,0.8705446720123291,0.26650819182395935,0.9040747284889221,0.8927074670791626
4,0.9163057208061218,0.9856874346733093,0.8893558382987976,0.22353920340538025,0.9229240417480469,0.9084811806678772,0.8989941477775574,0.980910062789917,0.8682053089141846,0.26823392510414124,0.9028306007385254,0.8956412672996521
5,0.9258068799972534,0.9875934720039368,0.9027664065361023,0.20882311463356018,0.9298965930938721,0.9174234867095947,0.8977367877960205,0.9805901646614075,0.8692626357078552,0.27095481753349304,0.9027484059333801,0.8948030471801758
6,0.9325135946273804,0.9906362295150757,0.9121209383010864,0.18044331669807434,0.9375796318054199,0.9255274534225464,0.9010896682739258,0.9813464283943176,0.8726765513420105,0.26946911215782166,0.9050232172012329,0.8985750079154968
7,0.9399189352989197,0.9926971793174744,0.920913577079773,0.16153240203857422,0.9447186589241028,0.9360067248344421,0.9027661085128784,0.9811087250709534,0.8759963512420654,0.27214017510414124,0.9069767594337463,0.8989941477775574
