epoch,accuracy,auc,f1_score,loss,precision,recall,val_accuracy,val_auc,val_f1_score,val_loss,val_precision,val_recall
0,0.8707559108734131,0.9687700271606445,0.8296185731887817,0.3384059965610504,0.8898988366127014,0.8481207489967346,0.8998323678970337,0.9804062247276306,0.8716601133346558,0.2636755704879761,0.9079284071922302,0.8927074670791626
1,0.9035909175872803,0.9800085425376892,0.8753085136413574,0.2672329545021057,0.9120376706123352,0.8924130201339722,0.9044426083564758,0.9815388321876526,0.8787712454795837,0.2579207122325897,0.9120410084724426,0.8952221274375916
2,0.9086209535598755,0.983062744140625,0.8806318044662476,0.24402140080928802,0.9168328046798706,0.8995389342308044,0.898155927658081,0.9806325435638428,0.866417407989502,0.26693615317344666,0.9022015333175659,0.8931265473365784
3,0.9158865213394165,0.9855220317840576,0.8896254301071167,0.22579096257686615,0.9244773387908936,0.9082017540931702,0.9019278883934021,0.9817208647727966,0.8755318522453308,0.2573564350605011,0.9082412719726562,0.8960603475570679
4,0.9255274534225464,0.9875048995018005,0.9030441641807556,0.20840704441070557,0.9311763644218445,0.9168646335601807,0.8994132280349731,0.9801368713378906,0.8687142729759216,0.2715334892272949,0.9028306007385254,0.8956412672996521
5,0.924549400806427,0.9890854358673096,0.899749755859375,0.1961635798215866,0.929742693901062,0.918960452079773,0.8964794874191284,0.979853093624115,0.8682770133018494,0.27235713601112366,0.9022015333175659,0.8931265473365784
6,0.931535542011261,0.990712583065033,0.9102036952972412,0.18024654686450958,0.9383047819137573,0.9265055060386658,0.8964794874191284,0.9793984889984131,0.867337703704834,0.28450000286102295,0.8988621830940247,0.8939647674560547
7,0.9450887441635132,0.9937449097633362,0.9279316663742065,0.14698854088783264,0.9486204981803894,0.9415956139564514,0.90067058801651,0.9803643226623535,0.8729624152183533,0.281581848859787,0.9016047120094299,0.8948030471801758
8,0.952913224697113,0.995421826839447,0.937853217124939,0.1284846067428589,0.9571226835250854,0.9481626152992249,0.8985750079154968,0.9790545105934143,0.8705532550811768,0.28936901688575745,0.9012657999992371,0.8952221274375916
