epoch,accuracy,auc,f1_score,loss,precision,recall,val_accuracy,val_auc,val_f1_score,val_loss,val_precision,val_recall
0,0.8520329594612122,0.9567123055458069,0.8091228008270264,0.40800124406814575,0.8900219798088074,0.792650580406189,0.8927074670791626,0.9782689213752747,0.8647863268852234,0.2819114625453949,0.9002132415771484,0.8847443461418152
1,0.8968841433525085,0.9783931970596313,0.8666724562644958,0.2784207761287689,0.9043082594871521,0.8886404633522034,0.9002514481544495,0.9802303314208984,0.8715466260910034,0.26797839999198914,0.9071246981620789,0.8964794874191284
2,0.905267596244812,0.9819743037223816,0.876842737197876,0.25285518169403076,0.9130805134773254,0.8982813954353333,0.8968985676765442,0.979804277420044,0.8671039342880249,0.27197057008743286,0.903952419757843,0.8914501070976257
3,0.9123934507369995,0.9847856163978577,0.8862268924713135,0.23330503702163696,0.9193868637084961,0.9051278233528137,0.8964794874191284,0.9792994260787964,0.867466926574707,0.275307834148407,0.903184711933136,0.8914501070976257
4,0.9204974174499512,0.9870207905769348,0.8960111141204834,0.212859645485878,0.927690327167511,0.9142098426818848,0.8968985676765442,0.9803491234779358,0.8670233488082886,0.2705061435699463,0.9017365574836731,0.892288327217102
5,0.933631420135498,0.9904536008834839,0.91314697265625,0.1831030696630478,0.9387553334236145,0.9273438453674316,0.90067058801651,0.981058657169342,0.8730101585388184,0.2682821750640869,0.9045205116271973,0.8973177075386047
6,0.9360067248344421,0.9913586378097534,0.9160254001617432,0.17327836155891418,0.9404627680778503,0.9313958287239075,0.8998323678970337,0.9804458618164062,0.8715858459472656,0.27130892872810364,0.9064748287200928,0.8977367877960205
