epoch,accuracy,auc,f1_score,loss,precision,recall,val_accuracy,val_auc,val_f1_score,val_loss,val_precision,val_recall
0,0.8509151935577393,0.960394024848938,0.8062931895256042,0.3836256265640259,0.8789010047912598,0.8224115967750549,0.9002514481544495,0.9791099429130554,0.8708540797233582,0.2748190462589264,0.9066495895385742,0.8914501070976257
1,0.8974430561065674,0.9787073731422424,0.8667769432067871,0.274905800819397,0.9055095911026001,0.8864049315452576,0.9002514481544495,0.9805396795272827,0.8715836405754089,0.26522600650787354,0.9061969518661499,0.8948030471801758
2,0.9042894840240479,0.9813774824142456,0.8760559558868408,0.2575351595878601,0.9111142754554749,0.8980019688606262,0.8994132280349731,0.9802448153495789,0.8692930936813354,0.2684239149093628,0.9041153788566589,0.8931265473365784
3,0.9108564853668213,0.9839933514595032,0.883699893951416,0.2380295693874359,0.9179210662841797,0.903171718120575,0.8994132280349731,0.9809165596961975,0.8697051405906677,0.2640385329723358,0.9048832058906555,0.8931265473365784
4,0.9179823994636536,0.9855790138244629,0.8920201063156128,0.22584591805934906,0.9258363246917725,0.908760666847229,0.8948030471801758,0.9804304838180542,0.8630726337432861,0.27517372369766235,0.8973817825317383,0.8906118869781494
5,0.9179823994636536,0.987099289894104,0.8923442363739014,0.21401412785053253,0.92244553565979,0.9107167720794678,0.8943839073181152,0.9801896214485168,0.862001895904541,0.2796596586704254,0.9000423550605774,0.8906118869781494
6,0.9287410974502563,0.9891507625579834,0.9062728881835938,0.1932424157857895,0.9329561591148376,0.9216151833534241,0.9010896682739258,0.9811622500419617,0.8726847171783447,0.2718857228755951,0.9030354022979736,0.8977367877960205
7,0.9372642040252686,0.991959810256958,0.9180765151977539,0.16813763976097107,0.9427075982093811,0.9311164021492004,0.9027661085128784,0.9809529781341553,0.8751330375671387,0.27137184143066406,0.9070553183555603,0.8998323678970337
8,0.9434120655059814,0.9931573271751404,0.9253494739532471,0.15456895530223846,0.9478064775466919,0.9388011693954468,0.9023470282554626,0.9807822704315186,0.8742071986198425,0.2755526900291443,0.904641330242157,0.8985750079154968
