epoch,accuracy,auc,f1_score,loss,precision,recall,val_accuracy,val_auc,val_f1_score,val_loss,val_precision,val_recall
0,0.88388991355896,0.973908007144928,0.8481690287590027,0.3073401153087616,0.8958872556686401,0.870476484298706,0.8943839073181152,0.9809049963951111,0.8644341230392456,0.2654229700565338,0.9012293219566345,0.89103102684021
1,0.9101578593254089,0.9831622838973999,0.8824257254600525,0.2441481649875641,0.9174964427947998,0.9012156128883362,0.8977367877960205,0.9787410497665405,0.8707304000854492,0.27571287751197815,0.906410276889801,0.8889354467391968
2,0.918960452079773,0.9866599440574646,0.8936904668807983,0.21644021570682526,0.9248653054237366,0.9115551114082336,0.8977367877960205,0.9804033637046814,0.8678807020187378,0.267893522977829,0.9019940495491028,0.89103102684021
3,0.9249685406684875,0.989964485168457,0.9013370871543884,0.18760566413402557,0.9291860461235046,0.9203577041625977,0.8994132280349731,0.979121744632721,0.8702194094657898,0.28346025943756104,0.9023668766021729,0.8948030471801758
4,0.9519351720809937,0.9951061010360718,0.9361957311630249,0.13138070702552795,0.955543041229248,0.9490009546279907,0.90067058801651,0.9785968065261841,0.8715702295303345,0.2934132516384125,0.9023569226264954,0.8985750079154968
5,0.965208888053894,0.9970079660415649,0.9536618590354919,0.10255491733551025,0.9680776000022888,0.9618555307388306,0.8989941477775574,0.9784443378448486,0.8694174289703369,0.30273905396461487,0.9005897045135498,0.8960603475570679
