epoch,accuracy,auc,f1_score,loss,precision,recall,val_accuracy,val_auc,val_f1_score,val_loss,val_precision,val_recall
0,0.8816543221473694,0.9735880494117737,0.8465943336486816,0.3097226023674011,0.8933717608451843,0.8662847280502319,0.8968985676765442,0.9799205660820007,0.866580605506897,0.27284249663352966,0.9052496552467346,0.8889354467391968
1,0.9123934507369995,0.9841676950454712,0.8857066035270691,0.23711343109607697,0.92060786485672,0.9056867361068726,0.8927074670791626,0.9803816676139832,0.8580302596092224,0.2692112624645233,0.8997876644134521,0.8880972266197205
2,0.9217548966407776,0.9882910847663879,0.8981642723083496,0.20376291871070862,0.9278438091278076,0.9163057208061218,0.8985750079154968,0.9806448817253113,0.8697190284729004,0.2700061500072479,0.9031712412834167,0.8952221274375916
3,0.9350286722183228,0.9911829829216003,0.9146260619163513,0.17461012303829193,0.9396637082099915,0.9291602373123169,0.8985750079154968,0.9790376424789429,0.8712193369865417,0.2842414975166321,0.903756856918335,0.8973177075386047
4,0.9462065100669861,0.9935630559921265,0.9293370246887207,0.14664839208126068,0.94907146692276,0.9425737261772156,0.903185248374939,0.9782758355140686,0.8765825033187866,0.29043835401535034,0.9070945978164673,0.9002514481544495
5,0.9696800112724304,0.9979549050331116,0.9599160552024841,0.08797010034322739,0.9719416499137878,0.9680033326148987,0.9036043882369995,0.9765557646751404,0.8761443495750427,0.30767014622688293,0.9064475297927856,0.9015088081359863
6,0.9812770485877991,0.9990617036819458,0.9752427935600281,0.06294640153646469,0.9828940033912659,0.9794606566429138,0.90067058801651,0.9741148948669434,0.8719161748886108,0.33641648292541504,0.9020184874534607,0.8989941477775574
