epoch,accuracy,auc,f1_score,loss,precision,recall,val_accuracy,val_auc,val_f1_score,val_loss,val_precision,val_recall
0,0.8734106421470642,0.9697476029396057,0.8343448042869568,0.33366405963897705,0.8974737524986267,0.8488193154335022,0.90067058801651,0.9801750779151917,0.8717079162597656,0.2672988772392273,0.9093629717826843,0.8914501070976257
1,0.9093195199966431,0.9830824136734009,0.8819653987884521,0.24534893035888672,0.916347086429596,0.9014950394630432,0.8968985676765442,0.9792953133583069,0.8650147914886475,0.2728165090084076,0.9038461446762085,0.8864207863807678
2,0.9179823994636536,0.9872432351112366,0.8927733302116394,0.21250025928020477,0.9245924949645996,0.9114153981208801,0.8998323678970337,0.9788790941238403,0.8754283785820007,0.2773754298686981,0.906276524066925,0.8956412672996521
3,0.9327930808067322,0.9905722737312317,0.9127294421195984,0.18101856112480164,0.9380918741226196,0.9273438453674316,0.8960603475570679,0.9796180129051208,0.8642206192016602,0.2799082100391388,0.8997037410736084,0.89103102684021
4,0.9509571194648743,0.9949069619178772,0.9357771873474121,0.13549737632274628,0.954698920249939,0.9481626152992249,0.8985750079154968,0.9806791543960571,0.8690864443778992,0.2725829482078552,0.9014321565628052,0.8968985676765442
5,0.9601788520812988,0.9962514638900757,0.9482748508453369,0.11718379706144333,0.9620360136032104,0.9559871554374695,0.8943839073181152,0.9798485040664673,0.8636913299560547,0.28215649724006653,0.8983122110366821,0.892288327217102
