epoch,accuracy,auc,f1_score,loss,precision,recall,val_accuracy,val_auc,val_f1_score,val_loss,val_precision,val_recall
0,0.8601369261741638,0.9649320244789124,0.8170435428619385,0.36133265495300293,0.888705313205719,0.8267430663108826,0.8994132280349731,0.9790202379226685,0.8719723224639893,0.27608925104141235,0.9037320017814636,0.8931265473365784
1,0.903171718120575,0.9818392992019653,0.8731171488761902,0.2560313940048218,0.9118441343307495,0.8960458040237427,0.90067058801651,0.9803810119628906,0.8690083026885986,0.2675777077674866,0.9073916673660278,0.8952221274375916
2,0.9170043468475342,0.9862173795700073,0.8918346166610718,0.2212640345096588,0.9226957559585571,0.9105770587921143,0.8985750079154968,0.9808385968208313,0.8696128726005554,0.2651691734790802,0.9043774008750916,0.8918692469596863
3,0.9305574893951416,0.9897687435150146,0.9093121290206909,0.189824178814888,0.9355294704437256,0.924549400806427,0.8985750079154968,0.9806742072105408,0.8683966994285583,0.27141204476356506,0.9024081230163574,0.8952221274375916
4,0.9390805959701538,0.9920493960380554,0.920056939125061,0.16598141193389893,0.9446092844009399,0.9340505599975586,0.8956412672996521,0.9788035154342651,0.8674006462097168,0.286144495010376,0.8991097807884216,0.8889354467391968
5,0.9515159726142883,0.994798481464386,0.9357126951217651,0.13565519452095032,0.9553206562995911,0.947044849395752,0.8948030471801758,0.9781220555305481,0.8654018640518188,0.3009043037891388,0.8997037410736084,0.89103102684021
6,0.9692608714103699,0.9974674582481384,0.959691047668457,0.09892359375953674,0.9710714817047119,0.9661869406700134,0.8998323678970337,0.9787732362747192,0.8719449043273926,0.2963947653770447,0.9022746682167053,0.8977367877960205
7,0.9742909073829651,0.9985263347625732,0.9653946757316589,0.07886584103107452,0.9772312045097351,0.9714964628219604,0.9002514481544495,0.9777852296829224,0.8729043006896973,0.30651146173477173,0.902695894241333,0.898155927658081
