epoch,accuracy,auc,f1_score,loss,precision,recall,val_accuracy,val_auc,val_f1_score,val_loss,val_precision,val_recall
0,0.8808159828186035,0.9729191660881042,0.8457286357879639,0.3133465647697449,0.8952394723892212,0.8644683361053467,0.8935456871986389,0.9790005683898926,0.8676671981811523,0.27672237157821655,0.9041095972061157,0.885163426399231
1,0.8991197347640991,0.9798356890678406,0.8681056499481201,0.2681831419467926,0.9064319133758545,0.8919938802719116,0.8973177075386047,0.9803723692893982,0.8693164587020874,0.2682212293148041,0.9032807946205139,0.888516366481781
2,0.9079223275184631,0.983872652053833,0.8798607587814331,0.24029508233070374,0.914111316204071,0.899678647518158,0.8994132280349731,0.9813425540924072,0.8689266443252563,0.2598899304866791,0.9053480625152588,0.8939647674560547
3,0.9196590781211853,0.9869046211242676,0.8943256139755249,0.21384590864181519,0.9251874089241028,0.9140701293945312,0.8985750079154968,0.9785519242286682,0.8690046668052673,0.2831884026527405,0.9043774008750916,0.8918692469596863
4,0.9221740961074829,0.9883972406387329,0.8980181217193604,0.20105846226215363,0.9278540015220642,0.9164454340934753,0.8914501070976257,0.9792407751083374,0.8575207591056824,0.28115391731262207,0.8976210951805115,0.8855825662612915
5,0.9294397234916687,0.9904212951660156,0.9067005515098572,0.18175360560417175,0.9326746463775635,0.9232918620109558,0.8935456871986389,0.978456974029541,0.861397922039032,0.2891232669353485,0.8978813290596008,0.8880972266197205
6,0.950537919998169,0.994252622127533,0.9348828196525574,0.1394653618335724,0.9548914432525635,0.9464859366416931,0.9019278883934021,0.9786339402198792,0.8744689226150513,0.29085564613342285,0.9049831032752991,0.898155927658081
7,0.955847442150116,0.9955682158470154,0.9420771598815918,0.12212998420000076,0.9588193893432617,0.9531926512718201,0.8998323678970337,0.9772617816925049,0.8724428415298462,0.305184543132782,0.9019442200660706,0.8943839073181152
