epoch,accuracy,auc,f1_score,loss,precision,recall,val_accuracy,val_auc,val_f1_score,val_loss,val_precision,val_recall
0,0.8784406781196594,0.9718703627586365,0.8420798182487488,0.32124894857406616,0.8934997320175171,0.8604163527488708,0.8914501070976257,0.9783576726913452,0.8576345443725586,0.28329411149024963,0.8974141478538513,0.8872590065002441
1,0.9054073095321655,0.9819165468215942,0.8760198354721069,0.2536748945713043,0.9135943055152893,0.896744430065155,0.8989941477775574,0.9802959561347961,0.8716532588005066,0.2677367031574249,0.9074627161026001,0.8918692469596863
2,0.912253737449646,0.984865665435791,0.8865200281143188,0.23149463534355164,0.9192748665809631,0.9069442749023438,0.8964794874191284,0.9804823994636536,0.863913893699646,0.267733097076416,0.9054514765739441,0.89103102684021
3,0.9259466528892517,0.9884887337684631,0.9028024673461914,0.20014230906963348,0.9311907291412354,0.918960452079773,0.8948030471801758,0.9776455760002136,0.8703411817550659,0.28740158677101135,0.9005947113037109,0.888516366481781
4,0.9318150281906128,0.9912410378456116,0.9113912582397461,0.17586219310760498,0.9367929697036743,0.9256671667098999,0.8998323678970337,0.9784162640571594,0.8710171580314636,0.28917431831359863,0.9021509885787964,0.8964794874191284
5,0.9490009546279907,0.9942745566368103,0.9327966570854187,0.14182116091251373,0.9526560306549072,0.9446695446968079,0.8985750079154968,0.9792406558990479,0.8695923686027527,0.2867037355899811,0.902490496635437,0.8960603475570679
6,0.9575241208076477,0.9958999156951904,0.9437064528465271,0.11898493021726608,0.9610626697540283,0.9552885293960571,0.9019278883934021,0.9786569476127625,0.8743273615837097,0.2947063148021698,0.9044612646102905,0.90067058801651
7,0.9635322093963623,0.9970690608024597,0.9526067972183228,0.10271668434143066,0.9665307402610779,0.9603185653686523,0.8985750079154968,0.9778728485107422,0.8714712858200073,0.30130845308303833,0.9012241363525391,0.8948030471801758
