epoch,accuracy,auc,f1_score,loss,precision,recall,val_accuracy,val_auc,val_f1_score,val_loss,val_precision,val_recall
0,0.8710353374481201,0.9668586254119873,0.8329818248748779,0.3545263409614563,0.8965725302696228,0.8296772241592407,0.9010896682739258,0.9796115756034851,0.8753027319908142,0.2747814655303955,0.9124463796615601,0.89103102684021
1,0.899678647518158,0.9797818660736084,0.8701066970825195,0.2692490518093109,0.9074100255966187,0.8914349675178528,0.9002514481544495,0.9791592955589294,0.8682456016540527,0.2781234383583069,0.9061969518661499,0.8948030471801758
2,0.9130920767784119,0.9838253855705261,0.8853753805160522,0.24072124063968658,0.9200796484947205,0.9040100574493408,0.8977367877960205,0.9790799021720886,0.8649358153343201,0.2756963074207306,0.9051870703697205,0.892288327217102
3,0.9168646335601807,0.9870765805244446,0.8911919593811035,0.21390889585018158,0.9225102663040161,0.9098784327507019,0.90067058801651,0.9793646335601807,0.874112606048584,0.27544182538986206,0.9064626097679138,0.8935456871986389
4,0.9382422566413879,0.9915075898170471,0.91766756772995,0.17279113829135895,0.9430630207061768,0.9326533675193787,0.8973177075386047,0.9798614978790283,0.8678768873214722,0.2801373600959778,0.9004639387130737,0.8948030471801758
5,0.9464859366416931,0.993276059627533,0.9299299716949463,0.15232476592063904,0.9506347179412842,0.9417353868484497,0.8960603475570679,0.9792999029159546,0.8650965690612793,0.2872811257839203,0.8999577760696411,0.8935456871986389
