epoch,accuracy,auc,f1_score,loss,precision,recall,val_accuracy,val_auc,val_f1_score,val_loss,val_precision,val_recall
0,0.8720133900642395,0.9699024558067322,0.8333669900894165,0.3329489231109619,0.8963127136230469,0.849098801612854,0.8918692469596863,0.9783229827880859,0.8578310012817383,0.2822858691215515,0.8955160975456238,0.8872590065002441
1,0.9035909175872803,0.9811493158340454,0.8742436170578003,0.2584632635116577,0.9118359088897705,0.8945088982582092,0.9015088081359863,0.9819207191467285,0.8741723895072937,0.2559809386730194,0.9117646813392639,0.8964794874191284
2,0.9146290421485901,0.9848583936691284,0.888397216796875,0.23065784573554993,0.9202157855033875,0.9056867361068726,0.8998323678970337,0.9788582921028137,0.8739581108093262,0.2731398642063141,0.9060773253440857,0.8935456871986389
3,0.921335756778717,0.9868362545967102,0.896905779838562,0.2134806513786316,0.9284395575523376,0.9136509895324707,0.90067058801651,0.9820688962936401,0.8701386451721191,0.25589218735694885,0.9086660742759705,0.8964794874191284
4,0.9298588633537292,0.9895153641700745,0.908726692199707,0.1903693825006485,0.9340953826904297,0.924828827381134,0.9044426083564758,0.9813589453697205,0.880205512046814,0.2612767815589905,0.9094772338867188,0.8968985676765442
5,0.9446695446968079,0.9933657050132751,0.9275071024894714,0.15091001987457275,0.9494849443435669,0.9401984214782715,0.9036043882369995,0.9803246259689331,0.8756198883056641,0.2737610638141632,0.9061052799224854,0.9019278883934021
6,0.95640629529953,0.9954656362533569,0.9425480365753174,0.12649233639240265,0.9584857821464539,0.9516557455062866,0.9056999087333679,0.980416476726532,0.879494309425354,0.2772732675075531,0.9107444882392883,0.9023470282554626
7,0.9600391387939453,0.9957754015922546,0.9468995928764343,0.11908664554357529,0.9634060263633728,0.95640629529953,0.9015088081359863,0.9797953367233276,0.8729523420333862,0.2834944427013397,0.9053654670715332,0.898155927658081
8,0.964929461479187,0.9968920350074768,0.9531325101852417,0.1068372130393982,0.9681000709533691,0.9625541567802429,0.90067058801651,0.9798201322555542,0.8725415468215942,0.2867618501186371,0.9052854180335999,0.8973177075386047
