epoch,accuracy,auc,f1_score,loss,precision,recall,val_accuracy,val_auc,val_f1_score,val_loss,val_precision,val_recall
0,0.864887535572052,0.9635723829269409,0.8221065998077393,0.3718820810317993,0.8934911489486694,0.8228307962417603,0.9010896682739258,0.9787882566452026,0.8732292056083679,0.27705997228622437,0.9099871516227722,0.8897736668586731
1,0.9027525782585144,0.9801123738288879,0.873327910900116,0.2659706473350525,0.9097626805305481,0.8945088982582092,0.9015088081359863,0.9808725714683533,0.8715536594390869,0.2639560103416443,0.9072033762931824,0.8973177075386047
2,0.9123934507369995,0.9838791489601135,0.8855266571044922,0.23881632089614868,0.9204029440879822,0.9063853621482849,0.9015088081359863,0.9805936217308044,0.8726198673248291,0.26667001843452454,0.908089816570282,0.8985750079154968
3,0.9200782179832458,0.9870301485061646,0.8960420489311218,0.21221905946731567,0.9261773228645325,0.9150481820106506,0.9069572687149048,0.9812849760055542,0.8795153498649597,0.2645609378814697,0.9100126624107361,0.9027661085128784
4,0.9346094727516174,0.9898304343223572,0.9141117930412292,0.18746747076511383,0.9392397999763489,0.9287410974502563,0.90067058801651,0.9800403714179993,0.8705205321311951,0.2761150002479553,0.9060516357421875,0.8973177075386047
5,0.945927083492279,0.9930528402328491,0.9291492700576782,0.15441082417964935,0.9495845437049866,0.9421545267105103,0.903185248374939,0.9809363484382629,0.874656617641449,0.27419477701187134,0.9055250883102417,0.8998323678970337
6,0.9487215280532837,0.9941973686218262,0.9322481155395508,0.14161574840545654,0.9530853629112244,0.9452284574508667,0.9010896682739258,0.9806280136108398,0.872424304485321,0.2755216360092163,0.9051833152770996,0.9002514481544495
