epoch,accuracy,auc,f1_score,loss,precision,recall,val_accuracy,val_auc,val_f1_score,val_loss,val_precision,val_recall
0,0.8717339634895325,0.967616856098175,0.8343828916549683,0.34568682312965393,0.8915059566497803,0.8461645841598511,0.90067058801651,0.9794305562973022,0.8736284971237183,0.2728877067565918,0.9071550369262695,0.8927074670791626
1,0.9007964134216309,0.98039311170578,0.8720690608024597,0.2649975121021271,0.9087290167808533,0.8931116461753845,0.9010896682739258,0.9802574515342712,0.8705129027366638,0.26616984605789185,0.910645604133606,0.8927074670791626
2,0.9086209535598755,0.9832667112350464,0.8803457617759705,0.24335795640945435,0.9171766042709351,0.9005169868469238,0.9036043882369995,0.9817570447921753,0.875420331954956,0.25812676548957825,0.9092458486557007,0.8943839073181152
3,0.918960452079773,0.9859090447425842,0.8952298164367676,0.22242875397205353,0.9254685044288635,0.9108564853668213,0.8973177075386047,0.9807907342910767,0.8670904040336609,0.26662904024124146,0.9041153788566589,0.8931265473365784
4,0.9230124354362488,0.9882650375366211,0.8987941145896912,0.20282769203186035,0.9305397868156433,0.9153276681900024,0.90067058801651,0.9809380769729614,0.8719057440757751,0.2688068449497223,0.9078947305679321,0.8964794874191284
5,0.9266452193260193,0.9895392656326294,0.9042658805847168,0.19003373384475708,0.9329087138175964,0.9209165573120117,0.8977367877960205,0.9812074899673462,0.8687514662742615,0.26906248927116394,0.8996204137802124,0.8939647674560547
6,0.9452284574508667,0.9935888648033142,0.9287447929382324,0.14920468628406525,0.9484043121337891,0.9425737261772156,0.9015088081359863,0.9801838397979736,0.8730461001396179,0.2769457697868347,0.903756856918335,0.8973177075386047
7,0.9537515640258789,0.9949527978897095,0.9392989873886108,0.13096582889556885,0.9564972519874573,0.9492804408073425,0.9027661085128784,0.9794604778289795,0.8736765384674072,0.2852373719215393,0.903756856918335,0.8973177075386047
