epoch,accuracy,auc,f1_score,loss,precision,recall,val_accuracy,val_auc,val_f1_score,val_loss,val_precision,val_recall
0,0.8725723028182983,0.9687871932983398,0.835145115852356,0.3395908772945404,0.8931781053543091,0.8470029234886169,0.8998323678970337,0.9798976182937622,0.8726017475128174,0.26785457134246826,0.9084717035293579,0.8943839073181152
1,0.9073634147644043,0.9824836254119873,0.8791107535362244,0.25000500679016113,0.9133333563804626,0.899678647518158,0.9010896682739258,0.9812362790107727,0.8730113506317139,0.26106324791908264,0.9055084586143494,0.8956412672996521
2,0.9128126502037048,0.98490971326828,0.8850495219230652,0.23122838139533997,0.9202497601509094,0.9061059355735779,0.8948030471801758,0.981661319732666,0.8638930320739746,0.2597118318080902,0.9026774168014526,0.8901928067207336
3,0.9251083135604858,0.9884098768234253,0.9018768072128296,0.20206840336322784,0.9318503737449646,0.918960452079773,0.8973177075386047,0.9803056120872498,0.8673481345176697,0.27101314067840576,0.9014798998832703,0.8935456871986389
4,0.9337711334228516,0.9910668730735779,0.9134597778320312,0.17614570260047913,0.9388418197631836,0.9287410974502563,0.8964794874191284,0.979847252368927,0.8683552145957947,0.2706451416015625,0.9044585824012756,0.8927074670791626
5,0.9385217428207397,0.9925568103790283,0.9177950620651245,0.16049404442310333,0.9424541592597961,0.933631420135498,0.8952221274375916,0.9776501059532166,0.863330602645874,0.3029300570487976,0.9002535939216614,0.8927074670791626
6,0.9573844075202942,0.9959482550621033,0.9435563087463379,0.12011174112558365,0.96127849817276,0.9538912773132324,0.9010896682739258,0.9789724946022034,0.8752868175506592,0.288754403591156,0.9041789770126343,0.8977367877960205
7,0.9666061401367188,0.9971557259559631,0.9557051062583923,0.10203084349632263,0.9684077501296997,0.9636719226837158,0.9040234684944153,0.9782137870788574,0.8771049380302429,0.30328670144081116,0.9063290953636169,0.9002514481544495
