epoch,accuracy,auc,f1_score,loss,precision,recall,val_accuracy,val_auc,val_f1_score,val_loss,val_precision,val_recall
0,0.8770434260368347,0.9715555310249329,0.840131938457489,0.3230828642845154,0.8972072005271912,0.8573424816131592,0.9010896682739258,0.9803844690322876,0.8750444650650024,0.2690389156341553,0.910645604133606,0.8927074670791626
1,0.9041497707366943,0.9816229343414307,0.8748878836631775,0.2554614543914795,0.9125124216079712,0.8977224826812744,0.8952221274375916,0.9796656966209412,0.8638214468955994,0.27232882380485535,0.9035424590110779,0.8872590065002441
2,0.9133715033531189,0.9851753115653992,0.8866475820541382,0.22932372987270355,0.9200567007064819,0.9069442749023438,0.888516366481781,0.980137825012207,0.8538987040519714,0.275544673204422,0.8944467902183533,0.8843252062797546
3,0.9263657927513123,0.9890337586402893,0.9031617641448975,0.19584819674491882,0.9327671527862549,0.9207768440246582,0.8956412672996521,0.9789838790893555,0.8638205528259277,0.27699464559555054,0.8999575972557068,0.8897736668586731
4,0.9452284574508667,0.9935197234153748,0.9280422925949097,0.15160848200321198,0.9500352740287781,0.9404778480529785,0.8960603475570679,0.9798997640609741,0.8661642074584961,0.2811128497123718,0.8996613025665283,0.8906118869781494
5,0.9538912773132324,0.9950742125511169,0.9384520053863525,0.12968675792217255,0.9584389925003052,0.950537919998169,0.892288327217102,0.9794011116027832,0.8605959415435791,0.2943410575389862,0.8970029354095459,0.8906118869781494
