epoch,accuracy,auc,f1_score,loss,precision,recall,val_accuracy,val_auc,val_f1_score,val_loss,val_precision,val_recall
0,0.8615341782569885,0.9628749489784241,0.8217846155166626,0.37207865715026855,0.8941283822059631,0.821293830871582,0.8985750079154968,0.9789427518844604,0.8725285530090332,0.2772124111652374,0.9081588983535767,0.89103102684021
1,0.9005169868469238,0.9799914956092834,0.8703415393829346,0.2691888213157654,0.9088453054428101,0.892971932888031,0.8960603475570679,0.9802358746528625,0.8642293810844421,0.27055084705352783,0.9016115069389343,0.89103102684021
2,0.9116948246955872,0.9842960238456726,0.8855909109115601,0.2366148680448532,0.9194487929344177,0.9042894840240479,0.9023470282554626,0.9811229705810547,0.8737322092056274,0.26462820172309875,0.9074702858924866,0.8960603475570679
3,0.9206371307373047,0.9865263104438782,0.8965557813644409,0.21666620671749115,0.9268119931221008,0.9147687554359436,0.8935456871986389,0.9798613786697388,0.8608310222625732,0.27695542573928833,0.8988145589828491,0.8897736668586731
4,0.9230124354362488,0.9885638952255249,0.8987115621566772,0.20115980505943298,0.9299985766410828,0.9170043468475342,0.9019278883934021,0.9814053773880005,0.8741471767425537,0.2659660577774048,0.9047417640686035,0.8956412672996521
5,0.9367053508758545,0.9914138913154602,0.9163071513175964,0.17287231981754303,0.9412429332733154,0.9311164021492004,0.8994132280349731,0.9809954166412354,0.8719694018363953,0.2668936848640442,0.9069668650627136,0.8948030471801758
6,0.9516557455062866,0.994606614112854,0.9354895353317261,0.14120572805404663,0.9571549892425537,0.9457873702049255,0.9048616886138916,0.9800295829772949,0.8777167201042175,0.27756017446517944,0.9075168967247009,0.90067058801651
7,0.9545899033546448,0.9952577352523804,0.9403533339500427,0.12874239683151245,0.9581807851791382,0.9508174061775208,0.8998323678970337,0.9799506068229675,0.8692347407341003,0.2901489734649658,0.9026138186454773,0.8973177075386047
