epoch,accuracy,auc,f1_score,loss,precision,recall,val_accuracy,val_auc,val_f1_score,val_loss,val_precision,val_recall
0,0.861394464969635,0.9622029066085815,0.8183137774467468,0.3789321780204773,0.8911688923835754,0.8191980123519897,0.8994132280349731,0.978575587272644,0.870751142501831,0.27929145097732544,0.9055084586143494,0.8956412672996521
1,0.8984211087226868,0.9767412543296814,0.8678027987480164,0.28362539410591125,0.9071988463401794,0.8891993761062622,0.898155927658081,0.9792725443840027,0.8705170154571533,0.2754017412662506,0.910492479801178,0.89103102684021
2,0.9045689702033997,0.9802817106246948,0.8752779364585876,0.2621226906776428,0.9134519696235657,0.8966047167778015,0.8989941477775574,0.9801459908485413,0.8702067136764526,0.27119210362434387,0.9050042629241943,0.8943839073181152
3,0.9121140241622925,0.983221173286438,0.8851892948150635,0.24325548112392426,0.9178354144096375,0.905267596244812,0.9015088081359863,0.9798159003257751,0.8755782842636108,0.27269601821899414,0.9033347368240356,0.8968985676765442
4,0.915746808052063,0.9856996536254883,0.8898767828941345,0.22343286871910095,0.9216185808181763,0.9101578593254089,0.8998323678970337,0.9802178144454956,0.8723199367523193,0.27150821685791016,0.9061571359634399,0.8943839073181152
5,0.9203577041625977,0.9876887202262878,0.8956896662712097,0.20967261493206024,0.9269328713417053,0.9146290421485901,0.8964794874191284,0.9794540405273438,0.8686736822128296,0.2783307433128357,0.9024597406387329,0.8918692469596863
6,0.9344697594642639,0.9903988838195801,0.9147657155990601,0.18151594698429108,0.9413929581642151,0.9291602373123169,0.9015088081359863,0.9801874160766602,0.8742994070053101,0.2762187421321869,0.9047820568084717,0.8960603475570679
7,0.9399189352989197,0.9916574954986572,0.9206370711326599,0.16952542960643768,0.9445228576660156,0.9348888993263245,0.8994132280349731,0.9805185198783875,0.8719247579574585,0.27723896503448486,0.9023255705833435,0.8943839073181152
