epoch,accuracy,auc,f1_score,loss,precision,recall,val_accuracy,val_auc,val_f1_score,val_loss,val_precision,val_recall
0,0.8762050867080688,0.9683365821838379,0.8376450538635254,0.3396269977092743,0.892298698425293,0.8531507849693298,0.89103102684021,0.9759278893470764,0.8563293814659119,0.2964421510696411,0.8994007110595703,0.8805532455444336
1,0.8935307860374451,0.9780763983726501,0.8622292876243591,0.27953827381134033,0.9045305252075195,0.8843090534210205,0.892288327217102,0.9794512987136841,0.8630921244621277,0.2753141522407532,0.8994889259338379,0.885163426399231
2,0.9013553261756897,0.9800814390182495,0.8716403841972351,0.264477401971817,0.9126088619232178,0.892971932888031,0.8989941477775574,0.9809238314628601,0.8692772388458252,0.26502078771591187,0.905515193939209,0.8876781463623047
3,0.9045689702033997,0.9818814396858215,0.875523030757904,0.2535337507724762,0.9134519696235657,0.8966047167778015,0.9010896682739258,0.981379508972168,0.8741137385368347,0.26082396507263184,0.9074310064315796,0.8956412672996521
4,0.9104373455047607,0.9846776723861694,0.8833207488059998,0.233899787068367,0.9178023934364319,0.9033114314079285,0.8985750079154968,0.9814164638519287,0.869354248046875,0.2648157775402069,0.9038950204849243,0.8948030471801758
5,0.9167248606681824,0.9860008955001831,0.8913392424583435,0.2199871987104416,0.9234151244163513,0.9097387194633484,0.8977367877960205,0.9811065196990967,0.867255687713623,0.2665172815322876,0.9019108414649963,0.8901928067207336
6,0.9178426861763,0.9867909550666809,0.8918970823287964,0.21649646759033203,0.9248866438865662,0.9118345379829407,0.89103102684021,0.978308916091919,0.8581501245498657,0.29171907901763916,0.8948923349380493,0.888516366481781
7,0.9284616708755493,0.9902317523956299,0.9056758880615234,0.18485711514949799,0.9342291355133057,0.9228727221488953,0.9015088081359863,0.9815629124641418,0.8738591074943542,0.2676222026348114,0.9063559174537659,0.8964794874191284
8,0.9360067248344421,0.9917230010032654,0.9155850410461426,0.17015618085861206,0.9416996240615845,0.9320944547653198,0.9010896682739258,0.9811208248138428,0.8719515800476074,0.27226173877716064,0.9064352512359619,0.8973177075386047
