epoch,accuracy,auc,f1_score,loss,precision,recall,val_accuracy,val_auc,val_f1_score,val_loss,val_precision,val_recall
0,0.8831912875175476,0.973348081111908,0.8485206961631775,0.3111851215362549,0.8954125642776489,0.8672628402709961,0.898155927658081,0.980037271976471,0.8694350123405457,0.27272847294807434,0.9050660133361816,0.89103102684021
1,0.9080620408058167,0.9832965135574341,0.8808373808860779,0.24410538375377655,0.9151532053947449,0.9012156128883362,0.8989941477775574,0.9803735017776489,0.8709778189659119,0.2679137885570526,0.9075415134429932,0.8927074670791626
2,0.9177029728889465,0.9862271547317505,0.891826331615448,0.2198299914598465,0.9238945841789246,0.9108564853668213,0.8960603475570679,0.9801733493804932,0.8690319061279297,0.26537030935287476,0.9033631086349487,0.8893545866012573
3,0.9253877401351929,0.9891010522842407,0.901605486869812,0.19486267864704132,0.9304065704345703,0.9209165573120117,0.8956412672996521,0.9788017272949219,0.8701304197311401,0.2770894467830658,0.9001691937446594,0.8918692469596863
4,0.9401984214782715,0.9920056462287903,0.9209729433059692,0.16428598761558533,0.943842351436615,0.9369847774505615,0.9010896682739258,0.979371190071106,0.8733930587768555,0.28665870428085327,0.9031578898429871,0.8989941477775574
5,0.940338134765625,0.993241548538208,0.9229071140289307,0.15093812346458435,0.9437728524208069,0.9381025433540344,0.8956412672996521,0.9767314791679382,0.8679255843162537,0.2910449802875519,0.9004237055778503,0.8906118869781494
6,0.9664663672447205,0.9973141551017761,0.9562965631484985,0.09984491765499115,0.9681358933448792,0.9636719226837158,0.8998323678970337,0.976838231086731,0.8709287643432617,0.3133043944835663,0.9041385054588318,0.8973177075386047
7,0.975129246711731,0.9985408186912537,0.9674670696258545,0.07330244779586792,0.9763139486312866,0.9733128547668457,0.8985750079154968,0.9741191267967224,0.8687833547592163,0.33908435702323914,0.9006733894348145,0.8968985676765442
