epoch,accuracy,auc,f1_score,loss,precision,recall,val_accuracy,val_auc,val_f1_score,val_loss,val_precision,val_recall
0,0.8426715135574341,0.9530137777328491,0.7950188517570496,0.4236219823360443,0.8783741593360901,0.7911136150360107,0.9044426083564758,0.9789643883705139,0.8763338327407837,0.27537181973457336,0.9093987941741943,0.9002514481544495
1,0.8953472375869751,0.9757027626037598,0.8636516332626343,0.292625367641449,0.9033361673355103,0.8852871060371399,0.898155927658081,0.9798298478126526,0.8671965599060059,0.27035367488861084,0.9066495895385742,0.8914501070976257
2,0.9024730920791626,0.9789173603057861,0.8726773262023926,0.27166497707366943,0.9107652902603149,0.8912952542304993,0.9002514481544495,0.9818785786628723,0.8722855448722839,0.25643908977508545,0.9082412719726562,0.8960603475570679
3,0.9066647887229919,0.9806389808654785,0.8776971101760864,0.258881539106369,0.9143222570419312,0.8991197347640991,0.8977367877960205,0.9814835786819458,0.8672584295272827,0.260588675737381,0.9051467180252075,0.8918692469596863
4,0.911974310874939,0.9838811159133911,0.885123610496521,0.23839114606380463,0.9182024598121643,0.9049881100654602,0.90067058801651,0.9812865257263184,0.8717531561851501,0.2664136588573456,0.906276524066925,0.8956412672996521
5,0.9144893288612366,0.9851172566413879,0.8880714178085327,0.22694215178489685,0.9216243028640747,0.9069442749023438,0.898155927658081,0.9809389114379883,0.8670328855514526,0.2644115686416626,0.9020771384239197,0.8918692469596863
6,0.9239904880523682,0.9877587556838989,0.9005661010742188,0.206772580742836,0.9292900562286377,0.9163057208061218,0.898155927658081,0.9816491603851318,0.8681362867355347,0.26015976071357727,0.9024493098258972,0.8956412672996521
7,0.9287410974502563,0.9889525175094604,0.9079682230949402,0.19656071066856384,0.9330413937568665,0.9228727221488953,0.9002514481544495,0.981266438961029,0.8708441257476807,0.2638002038002014,0.9041789770126343,0.8977367877960205
