epoch,accuracy,auc,f1_score,loss,precision,recall,val_accuracy,val_auc,val_f1_score,val_loss,val_precision,val_recall
0,0.8674025535583496,0.9642617106437683,0.8281797766685486,0.3666149973869324,0.8955902457237244,0.8257650136947632,0.8927074670791626,0.9785054922103882,0.8596202731132507,0.2806115746498108,0.8987287878990173,0.8889354467391968
1,0.9048483967781067,0.9813095331192017,0.8761609792709351,0.257747620344162,0.9136189222335815,0.8970239162445068,0.8960603475570679,0.9812334775924683,0.8642228841781616,0.26359549164772034,0.903184711933136,0.8914501070976257
2,0.9151879549026489,0.9853470325469971,0.8897078037261963,0.22708430886268616,0.9209670424461365,0.9101578593254089,0.9023470282554626,0.9805261492729187,0.8741323947906494,0.26521366834640503,0.9092066287994385,0.898155927658081
3,0.9266452193260193,0.9887720942497253,0.9036855101585388,0.19842040538787842,0.9317956566810608,0.9200782179832458,0.8964794874191284,0.9791361689567566,0.8691481351852417,0.2836218476295471,0.9005080461502075,0.8914501070976257
4,0.9358670115470886,0.9915900826454163,0.9155850410461426,0.17187516391277313,0.9395178556442261,0.9311164021492004,0.8973177075386047,0.9802491664886475,0.8655763864517212,0.2768513858318329,0.9022842645645142,0.8939647674560547
5,0.9550091028213501,0.9952946901321411,0.9416295289993286,0.1291123330593109,0.9582396149635315,0.9522145986557007,0.90067058801651,0.9804068803787231,0.8711063265800476,0.28269705176353455,0.9018533825874329,0.8973177075386047
6,0.961715817451477,0.9965529441833496,0.949416995048523,0.1107904314994812,0.9643158316612244,0.9590610861778259,0.898155927658081,0.9793999791145325,0.8683778047561646,0.2913442850112915,0.9008857011795044,0.8952221274375916
